"Severity","RuleName","ScriptName","Line","Message"
"Information","PSAvoidTrailingWhitespace","Create-SelfSignedCert.ps1","59","Line has trailing whitespace"
"Information","PSAvoidTrailingWhitespace","Create-SelfSignedCert.ps1","65","Line has trailing whitespace"
"Information","PSAvoidTrailingWhitespace","Create-SelfSignedCert.ps1","94","Line has trailing whitespace"
"Information","PSAvoidTrailingWhitespace","Create-SelfSignedCert.ps1","102","Line has trailing whitespace"
"Information","PSAvoidTrailingWhitespace","Create-SelfSignedCert.ps1","128","Line has trailing whitespace"
"Information","PSAvoidTrailingWhitespace","Create-SelfSignedCert.ps1","161","Line has trailing whitespace"
"Information","PSAvoidTrailingWhitespace","Create-SelfSignedCert.ps1","169","Line has trailing whitespace"
"Information","PSAvoidTrailingWhitespace","Create-SelfSignedCert.ps1","204","Line has trailing whitespace"
"Warning","PSUseBOMForUnicodeEncodedFile","Create-SelfSignedCert.ps1",,"Missing BOM encoding for non-ASCII encoded file 'Create-SelfSignedCert.ps1'"
"Warning","PSUseDeclaredVarsMoreThanAssignments","Create-SelfSignedCert.ps1","159","The variable 'scriptName' is assigned but never used."
"Warning","PSAvoidOverwritingBuiltInCmdlets","Create-SelfSignedCert.ps1","34","'Write-Warning' is a cmdlet that is included with PowerShell (version core-6.1.0-windows) whose definition should not be overridden"
"Warning","PSAvoidOverwritingBuiltInCmdlets","Create-SelfSignedCert.ps1","39","'Write-Error' is a cmdlet that is included with PowerShell (version core-6.1.0-windows) whose definition should not be overridden"
"ParseError","InvalidVariableReferenceWithDrive","Generate-CSR.ps1","109","Variable reference is not valid. ':' was not followed by a valid variable name character. Consider using ${} to delimit the name."
"Information","PSAvoidTrailingWhitespace","Generate-CSR.ps1","116","Line has trailing whitespace"
"Information","PSAvoidTrailingWhitespace","Generate-CSR.ps1","119","Line has trailing whitespace"
"Information","PSAvoidTrailingWhitespace","Generate-CSR.ps1","136","Line has trailing whitespace"
"Information","PSAvoidTrailingWhitespace","Generate-CSR.ps1","139","Line has trailing whitespace"
"Information","PSAvoidTrailingWhitespace","Generate-CSR.ps1","147","Line has trailing whitespace"
"Information","PSAvoidTrailingWhitespace","Generate-CSR.ps1","195","Line has trailing whitespace"
"Information","PSAvoidTrailingWhitespace","Generate-CSR.ps1","199","Line has trailing whitespace"
"Warning","PSUseBOMForUnicodeEncodedFile","Generate-CSR.ps1",,"Missing BOM encoding for non-ASCII encoded file 'Generate-CSR.ps1'"
"Warning","PSAvoidAssignmentToAutomaticVariable","Generate-CSR.ps1","197","The Variable 'args' is an automatic variable that is built into PowerShell, assigning to it might have undesired side effects. If assignment is not by design, please use a different name."
"ParseError","InvalidVariableReferenceWithDrive","Install-Prerequisites.ps1","139","Variable reference is not valid. ':' was not followed by a valid variable name character. Consider using ${} to delimit the name."
"Information","PSAvoidTrailingWhitespace","Install-Prerequisites.ps1","20","Line has trailing whitespace"
"Information","PSAvoidTrailingWhitespace","Install-Prerequisites.ps1","24","Line has trailing whitespace"
"Information","PSAvoidTrailingWhitespace","Install-Prerequisites.ps1","34","Line has trailing whitespace"
"Information","PSAvoidTrailingWhitespace","Install-Prerequisites.ps1","37","Line has trailing whitespace"
"Information","PSAvoidTrailingWhitespace","Install-Prerequisites.ps1","40","Line has trailing whitespace"
"Information","PSAvoidTrailingWhitespace","Install-Prerequisites.ps1","59","Line has trailing whitespace"
"Information","PSAvoidTrailingWhitespace","Install-Prerequisites.ps1","110","Line has trailing whitespace"
"Information","PSAvoidTrailingWhitespace","Install-Prerequisites.ps1","112","Line has trailing whitespace"
"Information","PSAvoidTrailingWhitespace","Install-Prerequisites.ps1","118","Line has trailing whitespace"
"Information","PSAvoidTrailingWhitespace","Install-Prerequisites.ps1","120","Line has trailing whitespace"
"Information","PSAvoidTrailingWhitespace","Install-Prerequisites.ps1","126","Line has trailing whitespace"
"Information","PSAvoidTrailingWhitespace","Install-Prerequisites.ps1","131","Line has trailing whitespace"
"Information","PSAvoidTrailingWhitespace","Install-Prerequisites.ps1","134","Line has trailing whitespace"
"Information","PSAvoidTrailingWhitespace","Install-Prerequisites.ps1","147","Line has trailing whitespace"
"Information","PSAvoidTrailingWhitespace","Install-Prerequisites.ps1","149","Line has trailing whitespace"
"Information","PSAvoidTrailingWhitespace","Install-Prerequisites.ps1","156","Line has trailing whitespace"
"Information","PSAvoidTrailingWhitespace","Install-Prerequisites.ps1","159","Line has trailing whitespace"
"Information","PSAvoidTrailingWhitespace","Install-Prerequisites.ps1","165","Line has trailing whitespace"
"Information","PSAvoidTrailingWhitespace","Install-Prerequisites.ps1","168","Line has trailing whitespace"
"Information","PSAvoidTrailingWhitespace","Install-Prerequisites.ps1","184","Line has trailing whitespace"
"Information","PSAvoidTrailingWhitespace","Install-Prerequisites.ps1","190","Line has trailing whitespace"
"Information","PSAvoidTrailingWhitespace","Install-Prerequisites.ps1","192","Line has trailing whitespace"
"Information","PSAvoidTrailingWhitespace","Install-Prerequisites.ps1","200","Line has trailing whitespace"
"Information","PSAvoidTrailingWhitespace","Install-Prerequisites.ps1","204","Line has trailing whitespace"
"Information","PSAvoidTrailingWhitespace","Install-Prerequisites.ps1","209","Line has trailing whitespace"
"Information","PSAvoidTrailingWhitespace","Install-Prerequisites.ps1","212","Line has trailing whitespace"
"Information","PSAvoidTrailingWhitespace","Install-Prerequisites.ps1","215","Line has trailing whitespace"
"Information","PSAvoidTrailingWhitespace","Install-Prerequisites.ps1","219","Line has trailing whitespace"
"Information","PSAvoidTrailingWhitespace","Install-Prerequisites.ps1","230","Line has trailing whitespace"
"Information","PSAvoidTrailingWhitespace","Install-Prerequisites.ps1","236","Line has trailing whitespace"
"Information","PSAvoidTrailingWhitespace","Install-Prerequisites.ps1","238","Line has trailing whitespace"
"Information","PSAvoidTrailingWhitespace","Install-Prerequisites.ps1","246","Line has trailing whitespace"
"Information","PSAvoidTrailingWhitespace","Install-Prerequisites.ps1","250","Line has trailing whitespace"
"Information","PSAvoidTrailingWhitespace","Install-Prerequisites.ps1","256","Line has trailing whitespace"
"Information","PSAvoidTrailingWhitespace","Install-Prerequisites.ps1","259","Line has trailing whitespace"
"Information","PSAvoidTrailingWhitespace","Install-Prerequisites.ps1","261","Line has trailing whitespace"
"Information","PSAvoidTrailingWhitespace","Install-Prerequisites.ps1","286","Line has trailing whitespace"
"Information","PSAvoidTrailingWhitespace","Install-Prerequisites.ps1","290","Line has trailing whitespace"
"Information","PSAvoidTrailingWhitespace","Install-Prerequisites.ps1","295","Line has trailing whitespace"
"Information","PSAvoidTrailingWhitespace","Install-Prerequisites.ps1","311","Line has trailing whitespace"
"Information","PSAvoidTrailingWhitespace","Install-Prerequisites.ps1","314","Line has trailing whitespace"
"Information","PSAvoidTrailingWhitespace","Install-Prerequisites.ps1","318","Line has trailing whitespace"
"Information","PSAvoidTrailingWhitespace","Install-Prerequisites.ps1","323","Line has trailing whitespace"
"Information","PSAvoidTrailingWhitespace","Install-Prerequisites.ps1","326","Line has trailing whitespace"
"Information","PSAvoidTrailingWhitespace","Install-Prerequisites.ps1","330","Line has trailing whitespace"
"Information","PSAvoidTrailingWhitespace","Install-Prerequisites.ps1","333","Line has trailing whitespace"
"Information","PSAvoidTrailingWhitespace","Install-Prerequisites.ps1","337","Line has trailing whitespace"
"Information","PSAvoidTrailingWhitespace","Install-Prerequisites.ps1","341","Line has trailing whitespace"
"Information","PSAvoidTrailingWhitespace","Install-Prerequisites.ps1","344","Line has trailing whitespace"
"Information","PSAvoidTrailingWhitespace","Install-Prerequisites.ps1","348","Line has trailing whitespace"
"Information","PSAvoidTrailingWhitespace","Install-Prerequisites.ps1","358","Line has trailing whitespace"
"Information","PSAvoidTrailingWhitespace","Install-Prerequisites.ps1","364","Line has trailing whitespace"
"Warning","PSUseBOMForUnicodeEncodedFile","Install-Prerequisites.ps1",,"Missing BOM encoding for non-ASCII encoded file 'Install-Prerequisites.ps1'"
"Warning","PSPossibleIncorrectComparisonWithNull","Install-Prerequisites.ps1","101","$null should be on the left side of equality comparisons."
"Warning","PSUseDeclaredVarsMoreThanAssignments","Install-Prerequisites.ps1","95","The variable 'color' is assigned but never used."
"Warning","PSUseDeclaredVarsMoreThanAssignments","Install-Prerequisites.ps1","269","The variable 'process' is assigned but never used."
"Warning","PSReviewUnusedParameter","Install-Prerequisites.ps1","33","The parameter 'ModulesOnly' has been declared but not used."
"Warning","PSReviewUnusedParameter","Install-Prerequisites.ps1","36","The parameter 'CliOnly' has been declared but not used."
"Warning","PSReviewUnusedParameter","Install-Prerequisites.ps1","39","The parameter 'Force' has been declared but not used."
"ParseError","TerminatorExpectedAtEndOfString","Install-QuickChecks.ps1","189","The string is missing the terminator: ""@."
"Information","PSAvoidTrailingWhitespace","Install-QuickChecks.ps1","15","Line has trailing whitespace"
"Information","PSAvoidTrailingWhitespace","Install-QuickChecks.ps1","19","Line has trailing whitespace"
"Information","PSAvoidTrailingWhitespace","Install-QuickChecks.ps1","22","Line has trailing whitespace"
"Information","PSAvoidTrailingWhitespace","Install-QuickChecks.ps1","31","Line has trailing whitespace"
"Information","PSAvoidTrailingWhitespace","Install-QuickChecks.ps1","34","Line has trailing whitespace"
"Information","PSAvoidTrailingWhitespace","Install-QuickChecks.ps1","37","Line has trailing whitespace"
"Information","PSAvoidTrailingWhitespace","Install-QuickChecks.ps1","109","Line has trailing whitespace"
"Information","PSAvoidTrailingWhitespace","Install-QuickChecks.ps1","111","Line has trailing whitespace"
"Information","PSAvoidTrailingWhitespace","Install-QuickChecks.ps1","120","Line has trailing whitespace"
"Information","PSAvoidTrailingWhitespace","Install-QuickChecks.ps1","144","Line has trailing whitespace"
"Information","PSAvoidTrailingWhitespace","Install-QuickChecks.ps1","164","Line has trailing whitespace"
"Warning","PSUseBOMForUnicodeEncodedFile","Install-QuickChecks.ps1",,"Missing BOM encoding for non-ASCII encoded file 'Install-QuickChecks.ps1'"
"Warning","PSAvoidDefaultValueSwitchParameter","Package-QuickChecks.ps1","47","File 'Package-QuickChecks.ps1' has a switch parameter default to true."
"Information","PSAvoidTrailingWhitespace","Package-QuickChecks.ps1","15","Line has trailing whitespace"
"Information","PSAvoidTrailingWhitespace","Package-QuickChecks.ps1","19","Line has trailing whitespace"
"Information","PSAvoidTrailingWhitespace","Package-QuickChecks.ps1","22","Line has trailing whitespace"
"Information","PSAvoidTrailingWhitespace","Package-QuickChecks.ps1","25","Line has trailing whitespace"
"Information","PSAvoidTrailingWhitespace","Package-QuickChecks.ps1","28","Line has trailing whitespace"
"Information","PSAvoidTrailingWhitespace","Package-QuickChecks.ps1","37","Line has trailing whitespace"
"Information","PSAvoidTrailingWhitespace","Package-QuickChecks.ps1","40","Line has trailing whitespace"
"Information","PSAvoidTrailingWhitespace","Package-QuickChecks.ps1","43","Line has trailing whitespace"
"Information","PSAvoidTrailingWhitespace","Package-QuickChecks.ps1","46","Line has trailing whitespace"
"Information","PSAvoidTrailingWhitespace","Package-QuickChecks.ps1","49","Line has trailing whitespace"
"Information","PSAvoidTrailingWhitespace","Package-QuickChecks.ps1","52","Line has trailing whitespace"
"Information","PSAvoidTrailingWhitespace","Package-QuickChecks.ps1","57","Line has trailing whitespace"
"Information","PSAvoidTrailingWhitespace","Package-QuickChecks.ps1","78","Line has trailing whitespace"
"Information","PSAvoidTrailingWhitespace","Package-QuickChecks.ps1","161","Line has trailing whitespace"
"Information","PSAvoidTrailingWhitespace","Package-QuickChecks.ps1","167","Line has trailing whitespace"
"Information","PSAvoidTrailingWhitespace","Package-QuickChecks.ps1","172","Line has trailing whitespace"
"Information","PSAvoidTrailingWhitespace","Package-QuickChecks.ps1","176","Line has trailing whitespace"
"Information","PSAvoidTrailingWhitespace","Package-QuickChecks.ps1","186","Line has trailing whitespace"
"Information","PSAvoidTrailingWhitespace","Package-QuickChecks.ps1","190","Line has trailing whitespace"
"Information","PSAvoidTrailingWhitespace","Package-QuickChecks.ps1","196","Line has trailing whitespace"
"Information","PSAvoidTrailingWhitespace","Package-QuickChecks.ps1","217","Line has trailing whitespace"
"Information","PSAvoidTrailingWhitespace","Package-QuickChecks.ps1","226","Line has trailing whitespace"
"Information","PSAvoidTrailingWhitespace","Package-QuickChecks.ps1","229","Line has trailing whitespace"
"Information","PSAvoidTrailingWhitespace","Package-QuickChecks.ps1","235","Line has trailing whitespace"
"Information","PSAvoidTrailingWhitespace","Package-QuickChecks.ps1","238","Line has trailing whitespace"
"Information","PSAvoidTrailingWhitespace","Package-QuickChecks.ps1","242","Line has trailing whitespace"
"Information","PSAvoidTrailingWhitespace","Package-QuickChecks.ps1","246","Line has trailing whitespace"
"Information","PSAvoidTrailingWhitespace","Package-QuickChecks.ps1","255","Line has trailing whitespace"
"Information","PSAvoidTrailingWhitespace","Package-QuickChecks.ps1","261","Line has trailing whitespace"
"Information","PSAvoidTrailingWhitespace","Package-QuickChecks.ps1","265","Line has trailing whitespace"
"Information","PSAvoidTrailingWhitespace","Package-QuickChecks.ps1","276","Line has trailing whitespace"
"Warning","PSAvoidUsingEmptyCatchBlock","QuickChecks-Console.ps1","98","Empty catch block is used. Please use Write-Error or throw statements in catch blocks."
"Warning","PSAvoidUsingEmptyCatchBlock","QuickChecks-Console.ps1","99","Empty catch block is used. Please use Write-Error or throw statements in catch blocks."
"Warning","PSAvoidUsingEmptyCatchBlock","QuickChecks-Console.ps1","101","Empty catch block is used. Please use Write-Error or throw statements in catch blocks."
"Warning","PSAvoidUsingEmptyCatchBlock","QuickChecks-Console.ps1","196","Empty catch block is used. Please use Write-Error or throw statements in catch blocks."
"Warning","PSAvoidUsingEmptyCatchBlock","QuickChecks-Console.ps1","356","Empty catch block is used. Please use Write-Error or throw statements in catch blocks."
"Information","PSAvoidTrailingWhitespace","QuickChecks-Console.ps1","22","Line has trailing whitespace"
"Information","PSAvoidTrailingWhitespace","QuickChecks-Console.ps1","155","Line has trailing whitespace"
"Information","PSAvoidTrailingWhitespace","QuickChecks-Console.ps1","192","Line has trailing whitespace"
"Information","PSAvoidTrailingWhitespace","QuickChecks-Console.ps1","197","Line has trailing whitespace"
"Information","PSAvoidTrailingWhitespace","QuickChecks-Console.ps1","214","Line has trailing whitespace"
"Information","PSAvoidTrailingWhitespace","QuickChecks-Console.ps1","216","Line has trailing whitespace"
"Information","PSAvoidTrailingWhitespace","QuickChecks-Console.ps1","226","Line has trailing whitespace"
"Information","PSAvoidTrailingWhitespace","QuickChecks-Console.ps1","232","Line has trailing whitespace"
"Information","PSAvoidTrailingWhitespace","QuickChecks-Console.ps1","237","Line has trailing whitespace"
"Information","PSAvoidTrailingWhitespace","QuickChecks-Console.ps1","242","Line has trailing whitespace"
"Information","PSAvoidTrailingWhitespace","QuickChecks-Console.ps1","247","Line has trailing whitespace"
"Information","PSAvoidTrailingWhitespace","QuickChecks-Console.ps1","252","Line has trailing whitespace"
"Information","PSAvoidTrailingWhitespace","QuickChecks-Console.ps1","257","Line has trailing whitespace"
"Information","PSAvoidTrailingWhitespace","QuickChecks-Console.ps1","262","Line has trailing whitespace"
"Information","PSAvoidTrailingWhitespace","QuickChecks-Console.ps1","268","Line has trailing whitespace"
"Information","PSAvoidTrailingWhitespace","QuickChecks-Console.ps1","278","Line has trailing whitespace"
"Information","PSAvoidTrailingWhitespace","QuickChecks-Console.ps1","288","Line has trailing whitespace"
"Information","PSAvoidTrailingWhitespace","QuickChecks-Console.ps1","300","Line has trailing whitespace"
"Information","PSAvoidTrailingWhitespace","QuickChecks-Console.ps1","312","Line has trailing whitespace"
"Information","PSAvoidTrailingWhitespace","QuickChecks-Console.ps1","317","Line has trailing whitespace"
"Information","PSAvoidTrailingWhitespace","QuickChecks-Console.ps1","318","Line has trailing whitespace"
"Information","PSAvoidTrailingWhitespace","QuickChecks-Console.ps1","321","Line has trailing whitespace"
"Information","PSAvoidTrailingWhitespace","QuickChecks-Console.ps1","322","Line has trailing whitespace"
"Information","PSAvoidTrailingWhitespace","QuickChecks-Console.ps1","330","Line has trailing whitespace"
"Information","PSAvoidTrailingWhitespace","QuickChecks-Console.ps1","342","Line has trailing whitespace"
"Information","PSAvoidTrailingWhitespace","QuickChecks-Console.ps1","354","Line has trailing whitespace"
"Information","PSAvoidTrailingWhitespace","QuickChecks-Console.ps1","357","Line has trailing whitespace"
"Information","PSAvoidTrailingWhitespace","QuickChecks-Console.ps1","367","Line has trailing whitespace"
"Information","PSAvoidTrailingWhitespace","QuickChecks-Console.ps1","370","Line has trailing whitespace"
"Information","PSAvoidTrailingWhitespace","QuickChecks-Console.ps1","382","Line has trailing whitespace"
"Information","PSAvoidTrailingWhitespace","QuickChecks-Console.ps1","396","Line has trailing whitespace"
"Information","PSAvoidTrailingWhitespace","QuickChecks-Console.ps1","401","Line has trailing whitespace"
"Information","PSAvoidTrailingWhitespace","QuickChecks-Console.ps1","408","Line has trailing whitespace"
"Information","PSAvoidTrailingWhitespace","QuickChecks-Console.ps1","410","Line has trailing whitespace"
"Information","PSAvoidTrailingWhitespace","QuickChecks-Console.ps1","423","Line has trailing whitespace"
"Information","PSAvoidTrailingWhitespace","QuickChecks-Console.ps1","434","Line has trailing whitespace"
"Information","PSAvoidTrailingWhitespace","QuickChecks-Console.ps1","439","Line has trailing whitespace"
"Information","PSAvoidTrailingWhitespace","QuickChecks-Console.ps1","442","Line has trailing whitespace"
"Information","PSAvoidTrailingWhitespace","QuickChecks-Console.ps1","446","Line has trailing whitespace"
"Information","PSAvoidTrailingWhitespace","QuickChecks-Console.ps1","495","Line has trailing whitespace"
"Information","PSAvoidTrailingWhitespace","QuickChecks-Console.ps1","514","Line has trailing whitespace"
"Information","PSAvoidTrailingWhitespace","QuickChecks-Console.ps1","519","Line has trailing whitespace"
"Information","PSAvoidTrailingWhitespace","QuickChecks-Console.ps1","525","Line has trailing whitespace"
"Information","PSAvoidTrailingWhitespace","QuickChecks-Console.ps1","568","Line has trailing whitespace"
"Information","PSAvoidTrailingWhitespace","QuickChecks-Console.ps1","575","Line has trailing whitespace"
"Information","PSAvoidTrailingWhitespace","QuickChecks-Console.ps1","581","Line has trailing whitespace"
"Information","PSAvoidTrailingWhitespace","QuickChecks-Console.ps1","584","Line has trailing whitespace"
"Information","PSAvoidTrailingWhitespace","QuickChecks-Console.ps1","587","Line has trailing whitespace"
"Warning","PSUseApprovedVerbs","QuickChecks-Console.ps1","205","The cmdlet 'Step1-Welcome' uses an unapproved verb."
"Warning","PSUseApprovedVerbs","QuickChecks-Console.ps1","276","The cmdlet 'Step2-Connections' uses an unapproved verb."
"Warning","PSUseApprovedVerbs","QuickChecks-Console.ps1","365","The cmdlet 'Step3-Selection' uses an unapproved verb."
"Warning","PSUseApprovedVerbs","QuickChecks-Console.ps1","432","The cmdlet 'Step4-RunAssessment' uses an unapproved verb."
"Warning","PSUseSingularNouns","QuickChecks-Console.ps1","276","The cmdlet 'Step2-Connections' uses a plural noun. A singular noun should be used instead."
"Warning","PSAvoidOverwritingBuiltInCmdlets","QuickChecks-Console.ps1","148","'Test-Connection' is a cmdlet that is included with PowerShell (version core-6.1.0-windows) whose definition should not be overridden"
"Warning","PSUseBOMForUnicodeEncodedFile","QuickChecks-Console.ps1",,"Missing BOM encoding for non-ASCII encoded file 'QuickChecks-Console.ps1'"
"Warning","PSPossibleIncorrectComparisonWithNull","QuickChecks-Console.ps1","101","$null should be on the left side of equality comparisons."
"Warning","PSPossibleIncorrectComparisonWithNull","QuickChecks-Console.ps1","234","$null should be on the left side of equality comparisons."
"Warning","PSPossibleIncorrectComparisonWithNull","QuickChecks-Console.ps1","239","$null should be on the left side of equality comparisons."
"Warning","PSPossibleIncorrectComparisonWithNull","QuickChecks-Console.ps1","244","$null should be on the left side of equality comparisons."
"Warning","PSPossibleIncorrectComparisonWithNull","QuickChecks-Console.ps1","249","$null should be on the left side of equality comparisons."
"Warning","PSPossibleIncorrectComparisonWithNull","QuickChecks-Console.ps1","254","$null should be on the left side of equality comparisons."
"Warning","PSReviewUnusedParameter","QuickChecks-Console.ps1","21","The parameter 'AutoRun' has been declared but not used."
"Warning","PSReviewUnusedParameter","QuickChecks-Console.ps1","80","The parameter 'AsObject' has been declared but not used."
"Warning","PSReviewUnusedParameter","QuickChecks-Console.ps1","128","The parameter 'NoNewline' has been declared but not used."
"Warning","PSUseDeclaredVarsMoreThanAssignments","QuickChecks-Console.ps1","61","The variable 'colors' is assigned but never used."
"Information","PSAvoidTrailingWhitespace","Run-AllQuickChecks.ps1","75","Line has trailing whitespace"
"Information","PSAvoidTrailingWhitespace","Run-AllQuickChecks.ps1","81","Line has trailing whitespace"
"Information","PSAvoidTrailingWhitespace","Run-AllQuickChecks.ps1","83","Line has trailing whitespace"
"Information","PSAvoidTrailingWhitespace","Run-AllQuickChecks.ps1","87","Line has trailing whitespace"
"Information","PSAvoidTrailingWhitespace","Run-AllQuickChecks.ps1","90","Line has trailing whitespace"
"Information","PSAvoidTrailingWhitespace","Run-AllQuickChecks.ps1","96","Line has trailing whitespace"
"Information","PSAvoidTrailingWhitespace","Run-AllQuickChecks.ps1","99","Line has trailing whitespace"
"Information","PSAvoidTrailingWhitespace","Run-AllQuickChecks.ps1","109","Line has trailing whitespace"
"Information","PSAvoidTrailingWhitespace","Run-AllQuickChecks.ps1","112","Line has trailing whitespace"
"Information","PSAvoidTrailingWhitespace","Run-AllQuickChecks.ps1","114","Line has trailing whitespace"
"Information","PSAvoidTrailingWhitespace","Run-AllQuickChecks.ps1","115","Line has trailing whitespace"
"Information","PSAvoidTrailingWhitespace","Run-AllQuickChecks.ps1","116","Line has trailing whitespace"
"Information","PSAvoidTrailingWhitespace","Run-AllQuickChecks.ps1","117","Line has trailing whitespace"
"Information","PSAvoidTrailingWhitespace","Run-AllQuickChecks.ps1","118","Line has trailing whitespace"
"Warning","PSUseBOMForUnicodeEncodedFile","Run-AllQuickChecks.ps1",,"Missing BOM encoding for non-ASCII encoded file 'Run-AllQuickChecks.ps1'"
"Warning","PSAvoidUsingEmptyCatchBlock","Sign-QuickChecks.ps1","118","Empty catch block is used. Please use Write-Error or throw statements in catch blocks."
"Warning","PSAvoidUsingEmptyCatchBlock","Sign-QuickChecks.ps1","119","Empty catch block is used. Please use Write-Error or throw statements in catch blocks."
"Warning","PSAvoidUsingEmptyCatchBlock","Sign-QuickChecks.ps1","121","Empty catch block is used. Please use Write-Error or throw statements in catch blocks."
"Information","PSAvoidTrailingWhitespace","Sign-QuickChecks.ps1","23","Line has trailing whitespace"
"Information","PSAvoidTrailingWhitespace","Sign-QuickChecks.ps1","26","Line has trailing whitespace"
"Information","PSAvoidTrailingWhitespace","Sign-QuickChecks.ps1","35","Line has trailing whitespace"
"Information","PSAvoidTrailingWhitespace","Sign-QuickChecks.ps1","38","Line has trailing whitespace"
"Information","PSAvoidTrailingWhitespace","Sign-QuickChecks.ps1","41","Line has trailing whitespace"
"Information","PSAvoidTrailingWhitespace","Sign-QuickChecks.ps1","44","Line has trailing whitespace"
"Information","PSAvoidTrailingWhitespace","Sign-QuickChecks.ps1","132","Line has trailing whitespace"
"Information","PSAvoidTrailingWhitespace","Sign-QuickChecks.ps1","154","Line has trailing whitespace"
"Information","PSAvoidTrailingWhitespace","Sign-QuickChecks.ps1","167","Line has trailing whitespace"
"Information","PSAvoidTrailingWhitespace","Sign-QuickChecks.ps1","170","Line has trailing whitespace"
"Information","PSAvoidTrailingWhitespace","Sign-QuickChecks.ps1","176","Line has trailing whitespace"
"Information","PSAvoidTrailingWhitespace","Sign-QuickChecks.ps1","181","Line has trailing whitespace"
"Information","PSAvoidTrailingWhitespace","Sign-QuickChecks.ps1","184","Line has trailing whitespace"
"Information","PSAvoidTrailingWhitespace","Sign-QuickChecks.ps1","190","Line has trailing whitespace"
"Information","PSAvoidTrailingWhitespace","Sign-QuickChecks.ps1","195","Line has trailing whitespace"
"Information","PSAvoidTrailingWhitespace","Sign-QuickChecks.ps1","209","Line has trailing whitespace"
"Information","PSAvoidTrailingWhitespace","Sign-QuickChecks.ps1","213","Line has trailing whitespace"
"Information","PSAvoidTrailingWhitespace","Sign-QuickChecks.ps1","218","Line has trailing whitespace"
"Information","PSAvoidTrailingWhitespace","Sign-QuickChecks.ps1","227","Line has trailing whitespace"
"Information","PSAvoidTrailingWhitespace","Sign-QuickChecks.ps1","230","Line has trailing whitespace"
"Information","PSAvoidTrailingWhitespace","Sign-QuickChecks.ps1","252","Line has trailing whitespace"
"Information","PSAvoidTrailingWhitespace","Sign-QuickChecks.ps1","254","Line has trailing whitespace"
"Information","PSAvoidTrailingWhitespace","Sign-QuickChecks.ps1","259","Line has trailing whitespace"
"Warning","PSReviewUnusedParameter","Sign-QuickChecks.ps1","37","The parameter 'CertPath' has been declared but not used."
"Warning","PSReviewUnusedParameter","Sign-QuickChecks.ps1","40","The parameter 'CertPassword' has been declared but not used."
"Warning","PSReviewUnusedParameter","Sign-QuickChecks.ps1","49","The parameter 'CertCredential' has been declared but not used."
"Warning","PSAvoidOverwritingBuiltInCmdlets","Sign-QuickChecks.ps1","201","'Set-AuthenticodeSignature' is a cmdlet that is included with PowerShell (version core-6.1.0-windows) whose definition should not be overridden"
"Warning","PSPossibleIncorrectComparisonWithNull","Sign-QuickChecks.ps1","121","$null should be on the left side of equality comparisons."
"Warning","PSUseShouldProcessForStateChangingFunctions","Sign-QuickChecks.ps1","201","Function 'Set-AuthenticodeSignature' has verb that could change system state. Therefore, the function has to support 'ShouldProcess'."
"Warning","PSUseSingularNouns","Sign-QuickChecks.ps1","246","The cmdlet 'Get-ScriptFiles' uses a plural noun. A singular noun should be used instead."
"Information","PSAvoidTrailingWhitespace","Start-QuickChecks.ps1","7","Line has trailing whitespace"
"Information","PSAvoidTrailingWhitespace","Start-QuickChecks.ps1","19","Line has trailing whitespace"
"Information","PSAvoidTrailingWhitespace","Start-QuickChecks.ps1","23","Line has trailing whitespace"
"Information","PSAvoidTrailingWhitespace","Start-QuickChecks.ps1","27","Line has trailing whitespace"
"Information","PSAvoidTrailingWhitespace","Start-QuickChecks.ps1","33","Line has trailing whitespace"
"Information","PSAvoidTrailingWhitespace","Start-QuickChecks.ps1","37","Line has trailing whitespace"
"Information","PSAvoidTrailingWhitespace","Start-QuickChecks.ps1","41","Line has trailing whitespace"
"Information","PSAvoidTrailingWhitespace","Start-QuickChecks.ps1","46","Line has trailing whitespace"
"Information","PSAvoidTrailingWhitespace","Start-QuickChecks.ps1","50","Line has trailing whitespace"
"Information","PSAvoidTrailingWhitespace","Start-QuickChecks.ps1","143","Line has trailing whitespace"
"Information","PSAvoidTrailingWhitespace","Start-QuickChecks.ps1","154","Line has trailing whitespace"
"Information","PSAvoidTrailingWhitespace","Start-QuickChecks.ps1","160","Line has trailing whitespace"
"Information","PSAvoidTrailingWhitespace","Start-QuickChecks.ps1","172","Line has trailing whitespace"
"Information","PSAvoidTrailingWhitespace","Start-QuickChecks.ps1","177","Line has trailing whitespace"
"Information","PSAvoidTrailingWhitespace","Start-QuickChecks.ps1","188","Line has trailing whitespace"
"Information","PSAvoidTrailingWhitespace","Start-QuickChecks.ps1","193","Line has trailing whitespace"
"Information","PSAvoidTrailingWhitespace","Start-QuickChecks.ps1","203","Line has trailing whitespace"
"Information","PSAvoidTrailingWhitespace","Start-QuickChecks.ps1","208","Line has trailing whitespace"
"Information","PSAvoidTrailingWhitespace","Start-QuickChecks.ps1","211","Line has trailing whitespace"
"Information","PSAvoidTrailingWhitespace","Start-QuickChecks.ps1","216","Line has trailing whitespace"
"Information","PSAvoidTrailingWhitespace","Start-QuickChecks.ps1","218","Line has trailing whitespace"
"Information","PSAvoidTrailingWhitespace","Start-QuickChecks.ps1","235","Line has trailing whitespace"
"Information","PSAvoidTrailingWhitespace","Start-QuickChecks.ps1","246","Line has trailing whitespace"
"Information","PSAvoidTrailingWhitespace","Start-QuickChecks.ps1","253","Line has trailing whitespace"
"Information","PSAvoidTrailingWhitespace","Start-QuickChecks.ps1","258","Line has trailing whitespace"
"Information","PSAvoidTrailingWhitespace","Start-QuickChecks.ps1","262","Line has trailing whitespace"
"Information","PSAvoidTrailingWhitespace","Start-QuickChecks.ps1","266","Line has trailing whitespace"
"Information","PSAvoidTrailingWhitespace","Start-QuickChecks.ps1","282","Line has trailing whitespace"
"Information","PSAvoidTrailingWhitespace","Start-QuickChecks.ps1","290","Line has trailing whitespace"
"Information","PSAvoidTrailingWhitespace","Start-QuickChecks.ps1","302","Line has trailing whitespace"
"Information","PSAvoidTrailingWhitespace","Start-QuickChecks.ps1","313","Line has trailing whitespace"
"Information","PSAvoidTrailingWhitespace","Start-QuickChecks.ps1","316","Line has trailing whitespace"
"Information","PSAvoidTrailingWhitespace","Start-QuickChecks.ps1","361","Line has trailing whitespace"
"Information","PSAvoidTrailingWhitespace","Start-QuickChecks.ps1","364","Line has trailing whitespace"
"Information","PSAvoidTrailingWhitespace","Start-QuickChecks.ps1","368","Line has trailing whitespace"
"Information","PSAvoidTrailingWhitespace","Start-QuickChecks.ps1","372","Line has trailing whitespace"
"Information","PSAvoidTrailingWhitespace","Start-QuickChecks.ps1","380","Line has trailing whitespace"
"Information","PSAvoidTrailingWhitespace","Start-QuickChecks.ps1","422","Line has trailing whitespace"
"Information","PSAvoidTrailingWhitespace","Start-QuickChecks.ps1","424","Line has trailing whitespace"
"Information","PSAvoidTrailingWhitespace","Start-QuickChecks.ps1","426","Line has trailing whitespace"
"Information","PSAvoidTrailingWhitespace","Start-QuickChecks.ps1","428","Line has trailing whitespace"
"Information","PSAvoidTrailingWhitespace","Start-QuickChecks.ps1","431","Line has trailing whitespace"
"Information","PSAvoidTrailingWhitespace","Start-QuickChecks.ps1","451","Line has trailing whitespace"
"Information","PSAvoidTrailingWhitespace","Start-QuickChecks.ps1","454","Line has trailing whitespace"
"Information","PSAvoidTrailingWhitespace","Start-QuickChecks.ps1","458","Line has trailing whitespace"
"Information","PSAvoidTrailingWhitespace","Start-QuickChecks.ps1","461","Line has trailing whitespace"
"Information","PSAvoidTrailingWhitespace","Start-QuickChecks.ps1","519","Line has trailing whitespace"
"Warning","PSReviewUnusedParameter","Start-QuickChecks.ps1","18","The parameter 'Run' has been declared but not used."
"Warning","PSReviewUnusedParameter","Start-QuickChecks.ps1","22","The parameter 'Console' has been declared but not used."
"Warning","PSReviewUnusedParameter","Start-QuickChecks.ps1","36","The parameter 'Install' has been declared but not used."
"Warning","PSReviewUnusedParameter","Start-QuickChecks.ps1","40","The parameter 'Help' has been declared but not used."
"Warning","PSReviewUnusedParameter","Start-QuickChecks.ps1","53","The parameter 'NoSign' has been declared but not used."
"Warning","PSUseBOMForUnicodeEncodedFile","Start-QuickChecks.ps1",,"Missing BOM encoding for non-ASCII encoded file 'Start-QuickChecks.ps1'"
"Warning","PSUseSingularNouns","Start-QuickChecks.ps1","182","The cmdlet 'Get-AvailableChecks' uses a plural noun. A singular noun should be used instead."
"Warning","PSUseSingularNouns","Start-QuickChecks.ps1","229","The cmdlet 'Invoke-AllChecks' uses a plural noun. A singular noun should be used instead."
"Warning","PSUseSingularNouns","Start-QuickChecks.ps1","443","The cmdlet 'Export-Results' uses a plural noun. A singular noun should be used instead."
"Warning","PSUseShouldProcessForStateChangingFunctions","Start-QuickChecks.ps1","294","Function 'Start-ConsoleMode' has verb that could change system state. Therefore, the function has to support 'ShouldProcess'."
"Information","PSAvoidTrailingWhitespace","Test-QuickChecks.ps1","38","Line has trailing whitespace"
"Information","PSAvoidTrailingWhitespace","Test-QuickChecks.ps1","40","Line has trailing whitespace"
"Information","PSAvoidTrailingWhitespace","Test-QuickChecks.ps1","51","Line has trailing whitespace"
"Information","PSAvoidTrailingWhitespace","Test-QuickChecks.ps1","54","Line has trailing whitespace"
"Information","PSAvoidTrailingWhitespace","Test-QuickChecks.ps1","78","Line has trailing whitespace"
"Information","PSAvoidTrailingWhitespace","Test-QuickChecks.ps1","81","Line has trailing whitespace"
"Information","PSAvoidTrailingWhitespace","Test-QuickChecks.ps1","84","Line has trailing whitespace"
"Information","PSAvoidTrailingWhitespace","Test-QuickChecks.ps1","91","Line has trailing whitespace"
"Information","PSAvoidTrailingWhitespace","Test-QuickChecks.ps1","117","Line has trailing whitespace"
"Information","PSAvoidTrailingWhitespace","Test-QuickChecks.ps1","122","Line has trailing whitespace"
"Information","PSAvoidTrailingWhitespace","Test-QuickChecks.ps1","127","Line has trailing whitespace"
"Information","PSAvoidTrailingWhitespace","Test-QuickChecks.ps1","137","Line has trailing whitespace"
"Information","PSAvoidTrailingWhitespace","Test-QuickChecks.ps1","146","Line has trailing whitespace"
"Information","PSAvoidTrailingWhitespace","Test-QuickChecks.ps1","152","Line has trailing whitespace"
"Information","PSAvoidTrailingWhitespace","Test-QuickChecks.ps1","159","Line has trailing whitespace"
"Information","PSAvoidTrailingWhitespace","Test-QuickChecks.ps1","168","Line has trailing whitespace"
"Information","PSAvoidTrailingWhitespace","Test-QuickChecks.ps1","187","Line has trailing whitespace"
"Information","PSAvoidTrailingWhitespace","Test-QuickChecks.ps1","192","Line has trailing whitespace"
"Information","PSAvoidTrailingWhitespace","Test-QuickChecks.ps1","210","Line has trailing whitespace"
"Information","PSAvoidTrailingWhitespace","Test-QuickChecks.ps1","228","Line has trailing whitespace"
"Information","PSAvoidTrailingWhitespace","Test-QuickChecks.ps1","237","Line has trailing whitespace"
"Information","PSAvoidTrailingWhitespace","Test-QuickChecks.ps1","254","Line has trailing whitespace"
"Information","PSAvoidTrailingWhitespace","Test-QuickChecks.ps1","256","Line has trailing whitespace"
"Information","PSAvoidTrailingWhitespace","Test-QuickChecks.ps1","259","Line has trailing whitespace"
"Information","PSAvoidTrailingWhitespace","Test-QuickChecks.ps1","263","Line has trailing whitespace"
"Information","PSAvoidTrailingWhitespace","Test-QuickChecks.ps1","271","Line has trailing whitespace"
"Information","PSAvoidTrailingWhitespace","Test-QuickChecks.ps1","283","Line has trailing whitespace"
"Information","PSAvoidTrailingWhitespace","Test-QuickChecks.ps1","294","Line has trailing whitespace"
"Information","PSAvoidTrailingWhitespace","Test-QuickChecks.ps1","301","Line has trailing whitespace"
"Information","PSAvoidTrailingWhitespace","Test-QuickChecks.ps1","313","Line has trailing whitespace"
"Information","PSAvoidTrailingWhitespace","Test-QuickChecks.ps1","320","Line has trailing whitespace"
"Information","PSAvoidTrailingWhitespace","Test-QuickChecks.ps1","337","Line has trailing whitespace"
"Information","PSAvoidTrailingWhitespace","Test-QuickChecks.ps1","353","Line has trailing whitespace"
"Information","PSAvoidTrailingWhitespace","Test-QuickChecks.ps1","357","Line has trailing whitespace"
"Warning","PSUseBOMForUnicodeEncodedFile","Test-QuickChecks.ps1",,"Missing BOM encoding for non-ASCII encoded file 'Test-QuickChecks.ps1'"
"Warning","PSUseSingularNouns","Test-QuickChecks.ps1","252","The cmdlet 'Test-Modules' uses a plural noun. A singular noun should be used instead."
"Information","PSAvoidTrailingWhitespace","Invoke-InactiveAccountDetection.ps1","6","Line has trailing whitespace"
"Information","PSAvoidTrailingWhitespace","Invoke-InactiveAccountDetection.ps1","7","Line has trailing whitespace"
"Information","PSAvoidTrailingWhitespace","Invoke-InactiveAccountDetection.ps1","25","Line has trailing whitespace"
"Information","PSAvoidTrailingWhitespace","Invoke-InactiveAccountDetection.ps1","29","Line has trailing whitespace"
"Information","PSAvoidTrailingWhitespace","Invoke-InactiveAccountDetection.ps1","32","Line has trailing whitespace"
"Information","PSAvoidTrailingWhitespace","Invoke-InactiveAccountDetection.ps1","56","Line has trailing whitespace"
"Information","PSAvoidTrailingWhitespace","Invoke-InactiveAccountDetection.ps1","63","Line has trailing whitespace"
"Information","PSAvoidTrailingWhitespace","Invoke-InactiveAccountDetection.ps1","69","Line has trailing whitespace"
"Information","PSAvoidTrailingWhitespace","Invoke-InactiveAccountDetection.ps1","74","Line has trailing whitespace"
"Information","PSAvoidTrailingWhitespace","Invoke-InactiveAccountDetection.ps1","77","Line has trailing whitespace"
"Information","PSAvoidTrailingWhitespace","Invoke-InactiveAccountDetection.ps1","81","Line has trailing whitespace"
"Information","PSAvoidTrailingWhitespace","Invoke-InactiveAccountDetection.ps1","85","Line has trailing whitespace"
"Information","PSAvoidTrailingWhitespace","Invoke-InactiveAccountDetection.ps1","90","Line has trailing whitespace"
"Information","PSAvoidTrailingWhitespace","Invoke-InactiveAccountDetection.ps1","95","Line has trailing whitespace"
"Information","PSAvoidTrailingWhitespace","Invoke-InactiveAccountDetection.ps1","107","Line has trailing whitespace"
"Information","PSAvoidTrailingWhitespace","Invoke-InactiveAccountDetection.ps1","122","Line has trailing whitespace"
"Information","PSAvoidTrailingWhitespace","Invoke-InactiveAccountDetection.ps1","128","Line has trailing whitespace"
"Information","PSAvoidTrailingWhitespace","Invoke-InactiveAccountDetection.ps1","136","Line has trailing whitespace"
"Information","PSAvoidTrailingWhitespace","Invoke-InactiveAccountDetection.ps1","139","Line has trailing whitespace"
"Information","PSAvoidTrailingWhitespace","Invoke-InactiveAccountDetection.ps1","142","Line has trailing whitespace"
"Information","PSAvoidTrailingWhitespace","Invoke-InactiveAccountDetection.ps1","145","Line has trailing whitespace"
"Information","PSAvoidTrailingWhitespace","Invoke-InactiveAccountDetection.ps1","150","Line has trailing whitespace"
"Information","PSAvoidTrailingWhitespace","Invoke-InactiveAccountDetection.ps1","162","Line has trailing whitespace"
"Information","PSAvoidTrailingWhitespace","Invoke-InactiveAccountDetection.ps1","166","Line has trailing whitespace"
"Information","PSAvoidTrailingWhitespace","Invoke-InactiveAccountDetection.ps1","178","Line has trailing whitespace"
"Information","PSAvoidTrailingWhitespace","Invoke-InactiveAccountDetection.ps1","184","Line has trailing whitespace"
"Information","PSAvoidTrailingWhitespace","Invoke-InactiveAccountDetection.ps1","194","Line has trailing whitespace"
"Information","PSAvoidTrailingWhitespace","Invoke-InactiveAccountDetection.ps1","196","Line has trailing whitespace"
"Information","PSAvoidTrailingWhitespace","Invoke-InactiveAccountDetection.ps1","203","Line has trailing whitespace"
"Information","PSAvoidTrailingWhitespace","Invoke-InactiveAccountDetection.ps1","206","Line has trailing whitespace"
"Information","PSAvoidTrailingWhitespace","Invoke-InactiveAccountDetection.ps1","227","Line has trailing whitespace"
"Information","PSAvoidTrailingWhitespace","Invoke-InactiveAccountDetection.ps1","230","Line has trailing whitespace"
"Information","PSAvoidTrailingWhitespace","Invoke-InactiveAccountDetection.ps1","235","Line has trailing whitespace"
"Information","PSAvoidTrailingWhitespace","Invoke-InactiveAccountDetection.ps1","244","Line has trailing whitespace"
"Information","PSAvoidTrailingWhitespace","Invoke-InactiveAccountDetection.ps1","254","Line has trailing whitespace"
"Information","PSAvoidTrailingWhitespace","Invoke-InactiveAccountDetection.ps1","260","Line has trailing whitespace"
"Information","PSAvoidTrailingWhitespace","Invoke-InactiveAccountDetection.ps1","265","Line has trailing whitespace"
"Information","PSAvoidTrailingWhitespace","Invoke-InactiveAccountDetection.ps1","273","Line has trailing whitespace"
"Information","PSAvoidTrailingWhitespace","Invoke-InactiveAccountDetection.ps1","276","Line has trailing whitespace"
"Information","PSAvoidTrailingWhitespace","Invoke-InactiveAccountDetection.ps1","281","Line has trailing whitespace"
"Information","PSAvoidTrailingWhitespace","Invoke-InactiveAccountDetection.ps1","291","Line has trailing whitespace"
"Information","PSAvoidTrailingWhitespace","Invoke-InactiveAccountDetection.ps1","296","Line has trailing whitespace"
"Information","PSAvoidTrailingWhitespace","Invoke-InactiveAccountDetection.ps1","301","Line has trailing whitespace"
"Information","PSAvoidTrailingWhitespace","Invoke-InactiveAccountDetection.ps1","314","Line has trailing whitespace"
"Information","PSAvoidTrailingWhitespace","Invoke-InactiveAccountDetection.ps1","324","Line has trailing whitespace"
"Information","PSAvoidTrailingWhitespace","Invoke-InactiveAccountDetection.ps1","329","Line has trailing whitespace"
"Information","PSAvoidTrailingWhitespace","Invoke-InactiveAccountDetection.ps1","335","Line has trailing whitespace"
"Information","PSAvoidTrailingWhitespace","Invoke-InactiveAccountDetection.ps1","348","Line has trailing whitespace"
"Information","PSAvoidTrailingWhitespace","Invoke-InactiveAccountDetection.ps1","361","Line has trailing whitespace"
"Information","PSAvoidTrailingWhitespace","Invoke-InactiveAccountDetection.ps1","374","Line has trailing whitespace"
"Information","PSAvoidTrailingWhitespace","Invoke-InactiveAccountDetection.ps1","387","Line has trailing whitespace"
"Information","PSAvoidTrailingWhitespace","Invoke-AwsIdentityInventory.ps1","24","Line has trailing whitespace"
"Information","PSAvoidTrailingWhitespace","Invoke-AwsIdentityInventory.ps1","28","Line has trailing whitespace"
"Information","PSAvoidTrailingWhitespace","Invoke-AwsIdentityInventory.ps1","49","Line has trailing whitespace"
"Information","PSAvoidTrailingWhitespace","Invoke-AwsIdentityInventory.ps1","51","Line has trailing whitespace"
"Information","PSAvoidTrailingWhitespace","Invoke-AwsIdentityInventory.ps1","56","Line has trailing whitespace"
"Information","PSAvoidTrailingWhitespace","Invoke-AwsIdentityInventory.ps1","63","Line has trailing whitespace"
"Information","PSAvoidTrailingWhitespace","Invoke-AwsIdentityInventory.ps1","69","Line has trailing whitespace"
"Information","PSAvoidTrailingWhitespace","Invoke-AwsIdentityInventory.ps1","90","Line has trailing whitespace"
"Information","PSAvoidTrailingWhitespace","Invoke-AwsIdentityInventory.ps1","106","Line has trailing whitespace"
"Information","PSAvoidTrailingWhitespace","Invoke-AwsIdentityInventory.ps1","111","Line has trailing whitespace"
"Information","PSAvoidTrailingWhitespace","Invoke-AwsIdentityInventory.ps1","117","Line has trailing whitespace"
"Information","PSAvoidTrailingWhitespace","Invoke-AwsIdentityInventory.ps1","127","Line has trailing whitespace"
"Information","PSAvoidTrailingWhitespace","Invoke-AwsIdentityInventory.ps1","142","Line has trailing whitespace"
"Information","PSAvoidTrailingWhitespace","Invoke-AwsIdentityInventory.ps1","146","Line has trailing whitespace"
"Information","PSAvoidTrailingWhitespace","Invoke-AwsIdentityInventory.ps1","148","Line has trailing whitespace"
"Information","PSAvoidTrailingWhitespace","Invoke-AwsIdentityInventory.ps1","151","Line has trailing whitespace"
"Information","PSAvoidTrailingWhitespace","Invoke-AwsIdentityInventory.ps1","154","Line has trailing whitespace"
"Information","PSAvoidTrailingWhitespace","Invoke-AwsIdentityInventory.ps1","164","Line has trailing whitespace"
"Information","PSAvoidTrailingWhitespace","Invoke-AwsIdentityInventory.ps1","175","Line has trailing whitespace"
"Information","PSAvoidTrailingWhitespace","Invoke-AwsIdentityInventory.ps1","191","Line has trailing whitespace"
"Warning","PSReviewUnusedParameter","Invoke-AwsIdentityInventory.ps1","30","The parameter 'UseCli' has been declared but not used."
"Warning","PSUseDeclaredVarsMoreThanAssignments","Invoke-AwsIdentityInventory.ps1","113","The variable 'adminPatterns' is assigned but never used."
"Warning","PSAvoidUsingEmptyCatchBlock","Invoke-AppConsentReality.ps1","270","Empty catch block is used. Please use Write-Error or throw statements in catch blocks."
"Information","PSAvoidTrailingWhitespace","Invoke-AppConsentReality.ps1","25","Line has trailing whitespace"
"Information","PSAvoidTrailingWhitespace","Invoke-AppConsentReality.ps1","53","Line has trailing whitespace"
"Information","PSAvoidTrailingWhitespace","Invoke-AppConsentReality.ps1","55","Line has trailing whitespace"
"Information","PSAvoidTrailingWhitespace","Invoke-AppConsentReality.ps1","68","Line has trailing whitespace"
"Information","PSAvoidTrailingWhitespace","Invoke-AppConsentReality.ps1","76","Line has trailing whitespace"
"Information","PSAvoidTrailingWhitespace","Invoke-AppConsentReality.ps1","86","Line has trailing whitespace"
"Information","PSAvoidTrailingWhitespace","Invoke-AppConsentReality.ps1","88","Line has trailing whitespace"
"Information","PSAvoidTrailingWhitespace","Invoke-AppConsentReality.ps1","92","Line has trailing whitespace"
"Information","PSAvoidTrailingWhitespace","Invoke-AppConsentReality.ps1","96","Line has trailing whitespace"
"Information","PSAvoidTrailingWhitespace","Invoke-AppConsentReality.ps1","100","Line has trailing whitespace"
"Information","PSAvoidTrailingWhitespace","Invoke-AppConsentReality.ps1","104","Line has trailing whitespace"
"Information","PSAvoidTrailingWhitespace","Invoke-AppConsentReality.ps1","110","Line has trailing whitespace"
"Information","PSAvoidTrailingWhitespace","Invoke-AppConsentReality.ps1","117","Line has trailing whitespace"
"Information","PSAvoidTrailingWhitespace","Invoke-AppConsentReality.ps1","123","Line has trailing whitespace"
"Information","PSAvoidTrailingWhitespace","Invoke-AppConsentReality.ps1","135","Line has trailing whitespace"
"Information","PSAvoidTrailingWhitespace","Invoke-AppConsentReality.ps1","145","Line has trailing whitespace"
"Information","PSAvoidTrailingWhitespace","Invoke-AppConsentReality.ps1","158","Line has trailing whitespace"
"Information","PSAvoidTrailingWhitespace","Invoke-AppConsentReality.ps1","175","Line has trailing whitespace"
"Information","PSAvoidTrailingWhitespace","Invoke-AppConsentReality.ps1","188","Line has trailing whitespace"
"Information","PSAvoidTrailingWhitespace","Invoke-AppConsentReality.ps1","202","Line has trailing whitespace"
"Information","PSAvoidTrailingWhitespace","Invoke-AppConsentReality.ps1","204","Line has trailing whitespace"
"Information","PSAvoidTrailingWhitespace","Invoke-AppConsentReality.ps1","206","Line has trailing whitespace"
"Information","PSAvoidTrailingWhitespace","Invoke-AppConsentReality.ps1","211","Line has trailing whitespace"
"Information","PSAvoidTrailingWhitespace","Invoke-AppConsentReality.ps1","224","Line has trailing whitespace"
"Information","PSAvoidTrailingWhitespace","Invoke-AppConsentReality.ps1","237","Line has trailing whitespace"
"Information","PSAvoidTrailingWhitespace","Invoke-AppConsentReality.ps1","251","Line has trailing whitespace"
"Warning","PSUseDeclaredVarsMoreThanAssignments","Invoke-AppConsentReality.ps1","69","The variable 'moderateRiskScopes' is assigned but never used."
"Warning","PSUseDeclaredVarsMoreThanAssignments","Invoke-AppConsentReality.ps1","107","The variable 'scopeId' is assigned but never used."
"Information","PSAvoidTrailingWhitespace","Invoke-GuestCreep.ps1","23","Line has trailing whitespace"
"Information","PSAvoidTrailingWhitespace","Invoke-GuestCreep.ps1","27","Line has trailing whitespace"
"Warning","PSReviewUnusedParameter","Invoke-GuestCreep.ps1","29","The parameter 'GuestAgeDays' has been declared but not used."
"Warning","PSAvoidUsingEmptyCatchBlock","Invoke-HybridSyncReality.ps1","55","Empty catch block is used. Please use Write-Error or throw statements in catch blocks."
"Warning","PSAvoidUsingEmptyCatchBlock","Invoke-HybridSyncReality.ps1","65","Empty catch block is used. Please use Write-Error or throw statements in catch blocks."
"Warning","PSAvoidUsingEmptyCatchBlock","Invoke-HybridSyncReality.ps1","243","Empty catch block is used. Please use Write-Error or throw statements in catch blocks."
"Information","PSAvoidTrailingWhitespace","Invoke-HybridSyncReality.ps1","24","Line has trailing whitespace"
"Information","PSAvoidTrailingWhitespace","Invoke-HybridSyncReality.ps1","47","Line has trailing whitespace"
"Information","PSAvoidTrailingWhitespace","Invoke-HybridSyncReality.ps1","56","Line has trailing whitespace"
"Information","PSAvoidTrailingWhitespace","Invoke-HybridSyncReality.ps1","67","Line has trailing whitespace"
"Information","PSAvoidTrailingWhitespace","Invoke-HybridSyncReality.ps1","71","Line has trailing whitespace"
"Information","PSAvoidTrailingWhitespace","Invoke-HybridSyncReality.ps1","73","Line has trailing whitespace"
"Information","PSAvoidTrailingWhitespace","Invoke-HybridSyncReality.ps1","81","Line has trailing whitespace"
"Information","PSAvoidTrailingWhitespace","Invoke-HybridSyncReality.ps1","90","Line has trailing whitespace"
"Information","PSAvoidTrailingWhitespace","Invoke-HybridSyncReality.ps1","101","Line has trailing whitespace"
"Information","PSAvoidTrailingWhitespace","Invoke-HybridSyncReality.ps1","111","Line has trailing whitespace"
"Information","PSAvoidTrailingWhitespace","Invoke-HybridSyncReality.ps1","119","Line has trailing whitespace"
"Information","PSAvoidTrailingWhitespace","Invoke-HybridSyncReality.ps1","123","Line has trailing whitespace"
"Information","PSAvoidTrailingWhitespace","Invoke-HybridSyncReality.ps1","128","Line has trailing whitespace"
"Information","PSAvoidTrailingWhitespace","Invoke-HybridSyncReality.ps1","142","Line has trailing whitespace"
"Information","PSAvoidTrailingWhitespace","Invoke-HybridSyncReality.ps1","145","Line has trailing whitespace"
"Information","PSAvoidTrailingWhitespace","Invoke-HybridSyncReality.ps1","154","Line has trailing whitespace"
"Information","PSAvoidTrailingWhitespace","Invoke-HybridSyncReality.ps1","160","Line has trailing whitespace"
"Information","PSAvoidTrailingWhitespace","Invoke-HybridSyncReality.ps1","163","Line has trailing whitespace"
"Information","PSAvoidTrailingWhitespace","Invoke-HybridSyncReality.ps1","175","Line has trailing whitespace"
"Information","PSAvoidTrailingWhitespace","Invoke-HybridSyncReality.ps1","181","Line has trailing whitespace"
"Information","PSAvoidTrailingWhitespace","Invoke-HybridSyncReality.ps1","191","Line has trailing whitespace"
"Information","PSAvoidTrailingWhitespace","Invoke-HybridSyncReality.ps1","204","Line has trailing whitespace"
"Information","PSAvoidTrailingWhitespace","Invoke-HybridSyncReality.ps1","217","Line has trailing whitespace"
"Warning","PSAvoidUsingEmptyCatchBlock","Invoke-LegacyAuthReality.ps1","251","Empty catch block is used. Please use Write-Error or throw statements in catch blocks."
"Information","PSAvoidTrailingWhitespace","Invoke-LegacyAuthReality.ps1","7","Line has trailing whitespace"
"Information","PSAvoidTrailingWhitespace","Invoke-LegacyAuthReality.ps1","25","Line has trailing whitespace"
"Information","PSAvoidTrailingWhitespace","Invoke-LegacyAuthReality.ps1","29","Line has trailing whitespace"
"Information","PSAvoidTrailingWhitespace","Invoke-LegacyAuthReality.ps1","57","Line has trailing whitespace"
"Information","PSAvoidTrailingWhitespace","Invoke-LegacyAuthReality.ps1","60","Line has trailing whitespace"
"Information","PSAvoidTrailingWhitespace","Invoke-LegacyAuthReality.ps1","63","Line has trailing whitespace"
"Information","PSAvoidTrailingWhitespace","Invoke-LegacyAuthReality.ps1","75","Line has trailing whitespace"
"Information","PSAvoidTrailingWhitespace","Invoke-LegacyAuthReality.ps1","84","Line has trailing whitespace"
"Information","PSAvoidTrailingWhitespace","Invoke-LegacyAuthReality.ps1","86","Line has trailing whitespace"
"Information","PSAvoidTrailingWhitespace","Invoke-LegacyAuthReality.ps1","94","Line has trailing whitespace"
"Information","PSAvoidTrailingWhitespace","Invoke-LegacyAuthReality.ps1","104","Line has trailing whitespace"
"Information","PSAvoidTrailingWhitespace","Invoke-LegacyAuthReality.ps1","106","Line has trailing whitespace"
"Information","PSAvoidTrailingWhitespace","Invoke-LegacyAuthReality.ps1","111","Line has trailing whitespace"
"Information","PSAvoidTrailingWhitespace","Invoke-LegacyAuthReality.ps1","114","Line has trailing whitespace"
"Information","PSAvoidTrailingWhitespace","Invoke-LegacyAuthReality.ps1","121","Line has trailing whitespace"
"Information","PSAvoidTrailingWhitespace","Invoke-LegacyAuthReality.ps1","129","Line has trailing whitespace"
"Information","PSAvoidTrailingWhitespace","Invoke-LegacyAuthReality.ps1","140","Line has trailing whitespace"
"Information","PSAvoidTrailingWhitespace","Invoke-LegacyAuthReality.ps1","155","Line has trailing whitespace"
"Information","PSAvoidTrailingWhitespace","Invoke-LegacyAuthReality.ps1","163","Line has trailing whitespace"
"Information","PSAvoidTrailingWhitespace","Invoke-LegacyAuthReality.ps1","167","Line has trailing whitespace"
"Information","PSAvoidTrailingWhitespace","Invoke-LegacyAuthReality.ps1","170","Line has trailing whitespace"
"Information","PSAvoidTrailingWhitespace","Invoke-LegacyAuthReality.ps1","174","Line has trailing whitespace"
"Information","PSAvoidTrailingWhitespace","Invoke-LegacyAuthReality.ps1","184","Line has trailing whitespace"
"Information","PSAvoidTrailingWhitespace","Invoke-LegacyAuthReality.ps1","186","Line has trailing whitespace"
"Information","PSAvoidTrailingWhitespace","Invoke-LegacyAuthReality.ps1","190","Line has trailing whitespace"
"Information","PSAvoidTrailingWhitespace","Invoke-LegacyAuthReality.ps1","204","Line has trailing whitespace"
"Information","PSAvoidTrailingWhitespace","Invoke-LegacyAuthReality.ps1","224","Line has trailing whitespace"
"Warning","PSReviewUnusedParameter","Invoke-LegacyAuthReality.ps1","31","The parameter 'LookbackDays' has been declared but not used."
"Information","PSAvoidTrailingWhitespace","Invoke-MfaCoverageGap.ps1","23","Line has trailing whitespace"
"Information","PSAvoidTrailingWhitespace","Invoke-EntraEnhancedIdentity.ps1","21","Line has trailing whitespace"
"Information","PSAvoidTrailingWhitespace","Invoke-EntraEnhancedIdentity.ps1","42","Line has trailing whitespace"
"Information","PSAvoidTrailingWhitespace","Invoke-EntraEnhancedIdentity.ps1","45","Line has trailing whitespace"
"Information","PSAvoidTrailingWhitespace","Invoke-EntraEnhancedIdentity.ps1","48","Line has trailing whitespace"
"Information","PSAvoidTrailingWhitespace","Invoke-EntraEnhancedIdentity.ps1","51","Line has trailing whitespace"
"Information","PSAvoidTrailingWhitespace","Invoke-EntraEnhancedIdentity.ps1","66","Line has trailing whitespace"
"Information","PSAvoidTrailingWhitespace","Invoke-EntraEnhancedIdentity.ps1","69","Line has trailing whitespace"
"Information","PSAvoidTrailingWhitespace","Invoke-EntraEnhancedIdentity.ps1","72","Line has trailing whitespace"
"Information","PSAvoidTrailingWhitespace","Invoke-EntraEnhancedIdentity.ps1","74","Line has trailing whitespace"
"Information","PSAvoidTrailingWhitespace","Invoke-EntraEnhancedIdentity.ps1","78","Line has trailing whitespace"
"Information","PSAvoidTrailingWhitespace","Invoke-GcpIdentityInventory.ps1","21","Line has trailing whitespace"
"Information","PSAvoidTrailingWhitespace","Invoke-GcpIdentityInventory.ps1","44","Line has trailing whitespace"
"Information","PSAvoidTrailingWhitespace","Invoke-GcpIdentityInventory.ps1","48","Line has trailing whitespace"
"Information","PSAvoidTrailingWhitespace","Invoke-GcpIdentityInventory.ps1","57","Line has trailing whitespace"
"Information","PSAvoidTrailingWhitespace","Invoke-GcpIdentityInventory.ps1","63","Line has trailing whitespace"
"Information","PSAvoidTrailingWhitespace","Invoke-GcpIdentityInventory.ps1","67","Line has trailing whitespace"
"Information","PSAvoidTrailingWhitespace","Invoke-GcpIdentityInventory.ps1","80","Line has trailing whitespace"
"Information","PSAvoidTrailingWhitespace","Invoke-GcpIdentityInventory.ps1","96","Line has trailing whitespace"
"Information","PSAvoidTrailingWhitespace","Invoke-GcpIdentityInventory.ps1","119","Line has trailing whitespace"
"Information","PSAvoidTrailingWhitespace","Invoke-GcpIdentityInventory.ps1","122","Line has trailing whitespace"
"Information","PSAvoidTrailingWhitespace","Invoke-GcpIdentityInventory.ps1","126","Line has trailing whitespace"
"Information","PSAvoidTrailingWhitespace","Invoke-GcpIdentityInventory.ps1","128","Line has trailing whitespace"
"Information","PSAvoidTrailingWhitespace","Invoke-GcpIdentityInventory.ps1","138","Line has trailing whitespace"
"Warning","PSUseDeclaredVarsMoreThanAssignments","Invoke-GcpIdentityInventory.ps1","121","The variable 'disabledSas' is assigned but never used."
"Information","PSAvoidTrailingWhitespace","QuickChecks.config.psd1","8","Line has trailing whitespace"
"Information","PSAvoidTrailingWhitespace","QuickChecks.config.psd1","11","Line has trailing whitespace"
"Information","PSAvoidTrailingWhitespace","QuickChecks.config.psd1","14","Line has trailing whitespace"
"Information","PSAvoidTrailingWhitespace","QuickChecks.config.psd1","18","Line has trailing whitespace"
"Information","PSAvoidTrailingWhitespace","QuickChecks.config.psd1","22","Line has trailing whitespace"
"Information","PSAvoidTrailingWhitespace","QuickChecks.config.psd1","25","Line has trailing whitespace"
"Information","PSAvoidTrailingWhitespace","QuickChecks.config.psd1","28","Line has trailing whitespace"
"Information","PSAvoidTrailingWhitespace","QuickChecks.config.psd1","32","Line has trailing whitespace"
"Information","PSAvoidTrailingWhitespace","QuickChecks.config.psd1","35","Line has trailing whitespace"
"Information","PSAvoidTrailingWhitespace","QuickChecks.config.psd1","47","Line has trailing whitespace"
"Information","PSAvoidTrailingWhitespace","QuickChecks.config.psd1","51","Line has trailing whitespace"
"Information","PSAvoidTrailingWhitespace","QuickChecks.config.psd1","56","Line has trailing whitespace"
"Information","PSAvoidTrailingWhitespace","QuickChecks.config.psd1","63","Line has trailing whitespace"
"Information","PSAvoidTrailingWhitespace","QuickChecks.config.psd1","67","Line has trailing whitespace"
"Information","PSAvoidTrailingWhitespace","QuickChecks.config.psd1","72","Line has trailing whitespace"
"Information","PSAvoidTrailingWhitespace","QuickChecks.config.psd1","75","Line has trailing whitespace"
"Information","PSAvoidTrailingWhitespace","QuickChecks.config.psd1","81","Line has trailing whitespace"
"Information","PSAvoidTrailingWhitespace","QuickChecks.config.psd1","85","Line has trailing whitespace"
"Information","PSAvoidTrailingWhitespace","QuickChecks.config.psd1","89","Line has trailing whitespace"
"Information","PSAvoidTrailingWhitespace","QuickChecks.config.psd1","93","Line has trailing whitespace"
"Information","PSAvoidTrailingWhitespace","QuickChecks.config.psd1","97","Line has trailing whitespace"
"Information","PSAvoidTrailingWhitespace","QuickChecks.config.psd1","101","Line has trailing whitespace"
"Information","PSAvoidTrailingWhitespace","QuickChecks.config.psd1","104","Line has trailing whitespace"
"Information","PSAvoidTrailingWhitespace","QuickChecks.config.psd1","108","Line has trailing whitespace"
"Information","PSAvoidTrailingWhitespace","QuickChecks.config.psd1","112","Line has trailing whitespace"
"Information","PSAvoidTrailingWhitespace","QuickChecks.config.psd1","116","Line has trailing whitespace"
"Information","PSAvoidTrailingWhitespace","QuickChecks.config.psd1","120","Line has trailing whitespace"
"Information","PSAvoidTrailingWhitespace","QuickChecks.config.psd1","124","Line has trailing whitespace"
"Information","PSAvoidTrailingWhitespace","QuickChecks.config.psd1","128","Line has trailing whitespace"
"Information","PSAvoidTrailingWhitespace","QuickChecks.config.psd1","131","Line has trailing whitespace"
"Information","PSAvoidTrailingWhitespace","QuickChecks.config.psd1","140","Line has trailing whitespace"
"ParseError","InvalidLeftHandSide","Create-SelfSignedCert.ps1","10","The assignment expression is not valid. The input to an assignment operator must be an object that is able to accept assignments, such as a variable or a property."
"Information","PSAvoidTrailingWhitespace","Create-SelfSignedCert.ps1","63","Line has trailing whitespace"
"Information","PSAvoidTrailingWhitespace","Create-SelfSignedCert.ps1","69","Line has trailing whitespace"
"Information","PSAvoidTrailingWhitespace","Create-SelfSignedCert.ps1","98","Line has trailing whitespace"
"Information","PSAvoidTrailingWhitespace","Create-SelfSignedCert.ps1","106","Line has trailing whitespace"
"Information","PSAvoidTrailingWhitespace","Create-SelfSignedCert.ps1","132","Line has trailing whitespace"
"Information","PSAvoidTrailingWhitespace","Create-SelfSignedCert.ps1","165","Line has trailing whitespace"
"Information","PSAvoidTrailingWhitespace","Create-SelfSignedCert.ps1","173","Line has trailing whitespace"
"Information","PSAvoidTrailingWhitespace","Create-SelfSignedCert.ps1","208","Line has trailing whitespace"
"Information","PSAvoidTrailingWhitespace","Create-SelfSignedCert.ps1","240","Line has trailing whitespace"
"Information","PSAvoidTrailingWhitespace","Create-SelfSignedCert.ps1","248","Line has trailing whitespace"
"Warning","PSUseBOMForUnicodeEncodedFile","Create-SelfSignedCert.ps1",,"Missing BOM encoding for non-ASCII encoded file 'Create-SelfSignedCert.ps1'"
"Warning","PSUseDeclaredVarsMoreThanAssignments","Create-SelfSignedCert.ps1","163","The variable 'scriptName' is assigned but never used."
"Information","PSAvoidTrailingWhitespace","CrossEnvironmentBoundary.ps1","28","Line has trailing whitespace"
"Information","PSAvoidTrailingWhitespace","CrossEnvironmentBoundary.ps1","29","Line has trailing whitespace"
"Information","PSAvoidTrailingWhitespace","CrossEnvironmentBoundary.ps1","52","Line has trailing whitespace"
"Warning","PSUseBOMForUnicodeEncodedFile","CrossEnvironmentBoundary.ps1",,"Missing BOM encoding for non-ASCII encoded file 'CrossEnvironmentBoundary.ps1'"
"Warning","PSUseDeclaredVarsMoreThanAssignments","CrossEnvironmentBoundary.ps1","37","The variable 'boundaryViolations' is assigned but never used."
"Warning","PSAvoidUsingEmptyCatchBlock","IdentityTieringDrift.ps1","37","Empty catch block is used. Please use Write-Error or throw statements in catch blocks."
"Information","PSAvoidTrailingWhitespace","IdentityTieringDrift.ps1","31","Line has trailing whitespace"
"Warning","PSUseBOMForUnicodeEncodedFile","IdentityTieringDrift.ps1",,"Missing BOM encoding for non-ASCII encoded file 'IdentityTieringDrift.ps1'"
"Information","PSAvoidTrailingWhitespace","BreakGlassReality.ps1","44","Line has trailing whitespace"
"Warning","PSUseBOMForUnicodeEncodedFile","BreakGlassReality.ps1",,"Missing BOM encoding for non-ASCII encoded file 'BreakGlassReality.ps1'"
"Information","PSAvoidTrailingWhitespace","IdentityNamingHygiene.ps1","42","Line has trailing whitespace"
"Information","PSAvoidTrailingWhitespace","IdentityNamingHygiene.ps1","43","Line has trailing whitespace"
"Information","PSAvoidTrailingWhitespace","IdentityNamingHygiene.ps1","44","Line has trailing whitespace"
"Information","PSAvoidTrailingWhitespace","IdentityNamingHygiene.ps1","46","Line has trailing whitespace"
"Warning","PSUseBOMForUnicodeEncodedFile","IdentityNamingHygiene.ps1",,"Missing BOM encoding for non-ASCII encoded file 'IdentityNamingHygiene.ps1'"
"ParseError","UnexpectedToken","PasswordPolicyDrift.ps1","37","Unexpected token ')' in expression or statement."
"ParseError","UnexpectedToken","PasswordPolicyDrift.ps1","53","Unexpected token '}' in expression or statement."
"ParseError","UnexpectedToken","PasswordPolicyDrift.ps1","54","Unexpected token '}' in expression or statement."
"ParseError","UnexpectedToken","PasswordPolicyDrift.ps1","54","Unexpected token '}' in expression or statement."
"ParseError","TokenAfterEndOfValidScriptText","PasswordPolicyDrift.ps1","130","Executable script code found in signature block."
"ParseError","TokenAfterEndOfValidScriptText","PasswordPolicyDrift.ps1","133","Executable script code found in signature block."
"ParseError","TokenAfterEndOfValidScriptText","PasswordPolicyDrift.ps1","134","Executable script code found in signature block."
"ParseError","TokenAfterEndOfValidScriptText","PasswordPolicyDrift.ps1","135","Executable script code found in signature block."
"ParseError","TokenAfterEndOfValidScriptText","PasswordPolicyDrift.ps1","136","Executable script code found in signature block."
"ParseError","TokenAfterEndOfValidScriptText","PasswordPolicyDrift.ps1","137","Executable script code found in signature block."
"ParseError","MissingEndCurlyBrace","PasswordPolicyDrift.ps1","76","Missing closing '}' in statement block or type definition."
"ParseError","MissingEndCurlyBrace","PasswordPolicyDrift.ps1","74","Missing closing '}' in statement block or type definition."
"ParseError","MissingEndCurlyBrace","PasswordPolicyDrift.ps1","71","Missing closing '}' in statement block or type definition."
"ParseError","MissingCatchOrFinally","PasswordPolicyDrift.ps1","137","The Try statement is missing its Catch or Finally block."
"ParseError","MissingEndCurlyBrace","PasswordPolicyDrift.ps1","70","Missing closing '}' in statement block or type definition."
"Information","PSAvoidTrailingWhitespace","PasswordPolicyDrift.ps1","27","Line has trailing whitespace"
"Information","PSAvoidTrailingWhitespace","PasswordPolicyDrift.ps1","72","Line has trailing whitespace"
"Warning","PSUseBOMForUnicodeEncodedFile","PasswordPolicyDrift.ps1",,"Missing BOM encoding for non-ASCII encoded file 'PasswordPolicyDrift.ps1'"
"Information","PSAvoidTrailingWhitespace","PrivilegedNestingAbuse.ps1","32","Line has trailing whitespace"
"Information","PSAvoidTrailingWhitespace","PrivilegedNestingAbuse.ps1","34","Line has trailing whitespace"
"Information","PSAvoidTrailingWhitespace","PrivilegedNestingAbuse.ps1","36","Line has trailing whitespace"
"Information","PSAvoidTrailingWhitespace","PrivilegedNestingAbuse.ps1","45","Line has trailing whitespace"
"Information","PSAvoidTrailingWhitespace","PrivilegedNestingAbuse.ps1","46","Line has trailing whitespace"
"Information","PSAvoidTrailingWhitespace","PrivilegedNestingAbuse.ps1","48","Line has trailing whitespace"
"Information","PSAvoidTrailingWhitespace","PrivilegedNestingAbuse.ps1","50","Line has trailing whitespace"
"Information","PSAvoidTrailingWhitespace","PrivilegedNestingAbuse.ps1","52","Line has trailing whitespace"
"Warning","PSUseBOMForUnicodeEncodedFile","PrivilegedNestingAbuse.ps1",,"Missing BOM encoding for non-ASCII encoded file 'PrivilegedNestingAbuse.ps1'"
"Information","PSAvoidTrailingWhitespace","ExternalTrustMapping.ps1","35","Line has trailing whitespace"
"Information","PSAvoidTrailingWhitespace","ExternalTrustMapping.ps1","38","Line has trailing whitespace"
"Warning","PSUseBOMForUnicodeEncodedFile","ExternalTrustMapping.ps1",,"Missing BOM encoding for non-ASCII encoded file 'ExternalTrustMapping.ps1'"
"Warning","PSUseBOMForUnicodeEncodedFile","IdentityAttackSurface.ps1",,"Missing BOM encoding for non-ASCII encoded file 'IdentityAttackSurface.ps1'"
"Warning","PSUseToExportFieldsInManifest","IdentityFirst.QuickChecks.psd1","10","Do not use wildcard or $null in this field. Explicitly specify a list for FunctionsToExport."
"Warning","PSAvoidUsingEmptyCatchBlock","IdentityFirst.QuickChecks.psm1","71","Empty catch block is used. Please use Write-Error or throw statements in catch blocks."
"Information","PSAvoidTrailingWhitespace","IdentityFirst.QuickChecks.psm1","4","Line has trailing whitespace"
"Information","PSAvoidTrailingWhitespace","IdentityFirst.QuickChecks.psm1","18","Line has trailing whitespace"
"Information","PSAvoidTrailingWhitespace","IdentityFirst.QuickChecks.psm1","22","Line has trailing whitespace"
"Information","PSAvoidTrailingWhitespace","IdentityFirst.QuickChecks.psm1","30","Line has trailing whitespace"
"Information","PSAvoidTrailingWhitespace","IdentityFirst.QuickChecks.psm1","33","Line has trailing whitespace"
"Information","PSAvoidTrailingWhitespace","IdentityFirst.QuickChecks.psm1","36","Line has trailing whitespace"
"Information","PSAvoidTrailingWhitespace","IdentityFirst.QuickChecks.psm1","88","Line has trailing whitespace"
"Information","PSAvoidTrailingWhitespace","IdentityFirst.QuickChecks.psm1","92","Line has trailing whitespace"
"Information","PSAvoidTrailingWhitespace","IdentityFirst.QuickChecks.psm1","96","Line has trailing whitespace"
"Information","PSAvoidTrailingWhitespace","IdentityFirst.QuickChecks.psm1","122","Line has trailing whitespace"
"Information","PSAvoidTrailingWhitespace","IdentityFirst.QuickChecks.psm1","125","Line has trailing whitespace"
"Information","PSAvoidTrailingWhitespace","IdentityFirst.QuickChecks.psm1","129","Line has trailing whitespace"
"Information","PSAvoidTrailingWhitespace","IdentityFirst.QuickChecks.psm1","146","Line has trailing whitespace"
"Information","PSAvoidTrailingWhitespace","IdentityFirst.QuickChecks.psm1","161","Line has trailing whitespace"
"Information","PSAvoidTrailingWhitespace","IdentityFirst.QuickChecks.psm1","164","Line has trailing whitespace"
"Information","PSAvoidTrailingWhitespace","IdentityFirst.QuickChecks.psm1","168","Line has trailing whitespace"
"Information","PSAvoidTrailingWhitespace","IdentityFirst.QuickChecks.psm1","171","Line has trailing whitespace"
"Information","PSAvoidTrailingWhitespace","IdentityFirst.QuickChecks.psm1","174","Line has trailing whitespace"
"Information","PSAvoidTrailingWhitespace","IdentityFirst.QuickChecks.psm1","177","Line has trailing whitespace"
"Information","PSAvoidTrailingWhitespace","IdentityFirst.QuickChecks.psm1","181","Line has trailing whitespace"
"Information","PSAvoidTrailingWhitespace","IdentityFirst.QuickChecks.psm1","202","Line has trailing whitespace"
"Information","PSAvoidTrailingWhitespace","IdentityFirst.QuickChecks.psm1","206","Line has trailing whitespace"
"Information","PSAvoidTrailingWhitespace","IdentityFirst.QuickChecks.psm1","219","Line has trailing whitespace"
"Information","PSAvoidTrailingWhitespace","IdentityFirst.QuickChecks.psm1","223","Line has trailing whitespace"
"Information","PSAvoidTrailingWhitespace","IdentityFirst.QuickChecks.psm1","240","Line has trailing whitespace"
"Information","PSAvoidTrailingWhitespace","IdentityFirst.QuickChecks.psm1","259","Line has trailing whitespace"
"Information","PSAvoidTrailingWhitespace","IdentityFirst.QuickChecks.psm1","274","Line has trailing whitespace"
"Information","PSAvoidTrailingWhitespace","IdentityFirst.QuickChecks.psm1","281","Line has trailing whitespace"
"Information","PSAvoidTrailingWhitespace","IdentityFirst.QuickChecks.psm1","290","Line has trailing whitespace"
"Information","PSAvoidTrailingWhitespace","IdentityFirst.QuickChecks.psm1","464","Line has trailing whitespace"
"Warning","PSAvoidUsingWriteHost","IdentityFirst.QuickChecks.psm1","104","File 'IdentityFirst.QuickChecks.psm1' uses Write-Host. Avoid using Write-Host because it might not work in all hosts, does not work when there is no host, and (prior to PS 5.0) cannot be suppressed, captured, or redirected. Instead, use Write-Output, Write-Verbose, or Write-Information."
"Warning","PSAvoidUsingWriteHost","IdentityFirst.QuickChecks.psm1","109","File 'IdentityFirst.QuickChecks.psm1' uses Write-Host. Avoid using Write-Host because it might not work in all hosts, does not work when there is no host, and (prior to PS 5.0) cannot be suppressed, captured, or redirected. Instead, use Write-Output, Write-Verbose, or Write-Information."
"Warning","PSUseShouldProcessForStateChangingFunctions","IdentityFirst.QuickChecks.psm1","14","Function 'New-IFQCContext' has verb that could change system state. Therefore, the function has to support 'ShouldProcess'."
"Warning","PSUseShouldProcessForStateChangingFunctions","IdentityFirst.QuickChecks.psm1","142","Function 'New-IFQCFinding' has verb that could change system state. Therefore, the function has to support 'ShouldProcess'."
"Information","PSAvoidTrailingWhitespace","IdentityFirst.Security.manifest.psd1","5","Line has trailing whitespace"
"Information","PSAvoidTrailingWhitespace","IdentityFirst.Security.manifest.psd1","16","Line has trailing whitespace"
"Information","PSAvoidTrailingWhitespace","IdentityFirst.Security.manifest.psd1","25","Line has trailing whitespace"
"Information","PSAvoidTrailingWhitespace","IdentityFirst.Security.manifest.psd1","33","Line has trailing whitespace"
"Information","PSAvoidTrailingWhitespace","IdentityFirst.Security.manifest.psd1","41","Line has trailing whitespace"
"Information","PSAvoidTrailingWhitespace","IdentityFirst.Security.manifest.psd1","51","Line has trailing whitespace"
"Information","PSAvoidTrailingWhitespace","IdentityFirst.Security.psm1","31","Line has trailing whitespace"
"Information","PSAvoidTrailingWhitespace","IdentityFirst.Security.psm1","35","Line has trailing whitespace"
"Information","PSAvoidTrailingWhitespace","IdentityFirst.Security.psm1","39","Line has trailing whitespace"
"Information","PSAvoidTrailingWhitespace","IdentityFirst.Security.psm1","43","Line has trailing whitespace"
"Information","PSAvoidTrailingWhitespace","IdentityFirst.Security.psm1","58","Line has trailing whitespace"
"Information","PSAvoidTrailingWhitespace","IdentityFirst.Security.psm1","61","Line has trailing whitespace"
"Information","PSAvoidTrailingWhitespace","IdentityFirst.Security.psm1","65","Line has trailing whitespace"
"Information","PSAvoidTrailingWhitespace","IdentityFirst.Security.psm1","70","Line has trailing whitespace"
"Information","PSAvoidTrailingWhitespace","IdentityFirst.Security.psm1","75","Line has trailing whitespace"
"Information","PSAvoidTrailingWhitespace","IdentityFirst.Security.psm1","80","Line has trailing whitespace"
"Information","PSAvoidTrailingWhitespace","IdentityFirst.Security.psm1","83","Line has trailing whitespace"
"Information","PSAvoidTrailingWhitespace","IdentityFirst.Security.psm1","87","Line has trailing whitespace"
"Information","PSAvoidTrailingWhitespace","IdentityFirst.Security.psm1","105","Line has trailing whitespace"
"Information","PSAvoidTrailingWhitespace","IdentityFirst.Security.psm1","109","Line has trailing whitespace"
"Information","PSAvoidTrailingWhitespace","IdentityFirst.Security.psm1","113","Line has trailing whitespace"
"Information","PSAvoidTrailingWhitespace","IdentityFirst.Security.psm1","125","Line has trailing whitespace"
"Information","PSAvoidTrailingWhitespace","IdentityFirst.Security.psm1","134","Line has trailing whitespace"
"Information","PSAvoidTrailingWhitespace","IdentityFirst.Security.psm1","160","Line has trailing whitespace"
"Information","PSAvoidTrailingWhitespace","IdentityFirst.Security.psm1","176","Line has trailing whitespace"
"Information","PSAvoidTrailingWhitespace","IdentityFirst.Security.psm1","188","Line has trailing whitespace"
"Information","PSAvoidTrailingWhitespace","IdentityFirst.Security.psm1","203","Line has trailing whitespace"
"Information","PSAvoidTrailingWhitespace","IdentityFirst.Security.psm1","215","Line has trailing whitespace"
"Information","PSAvoidTrailingWhitespace","IdentityFirst.Security.psm1","230","Line has trailing whitespace"
"Information","PSAvoidTrailingWhitespace","IdentityFirst.Security.psm1","242","Line has trailing whitespace"
"Information","PSAvoidTrailingWhitespace","IdentityFirst.Security.psm1","261","Line has trailing whitespace"
"Information","PSAvoidTrailingWhitespace","IdentityFirst.Security.psm1","264","Line has trailing whitespace"
"Information","PSAvoidTrailingWhitespace","IdentityFirst.Security.psm1","268","Line has trailing whitespace"
"Information","PSAvoidTrailingWhitespace","IdentityFirst.Security.psm1","280","Line has trailing whitespace"
"Information","PSAvoidTrailingWhitespace","IdentityFirst.Security.psm1","286","Line has trailing whitespace"
"Information","PSAvoidTrailingWhitespace","IdentityFirst.Security.psm1","299","Line has trailing whitespace"
"Information","PSAvoidTrailingWhitespace","IdentityFirst.Security.psm1","328","Line has trailing whitespace"
"Information","PSAvoidTrailingWhitespace","IdentityFirst.Security.psm1","402","Line has trailing whitespace"
"Information","PSAvoidTrailingWhitespace","IdentityFirst.Security.psm1","429","Line has trailing whitespace"
"Information","PSAvoidTrailingWhitespace","IdentityFirst.Security.psm1","432","Line has trailing whitespace"
"Information","PSAvoidTrailingWhitespace","IdentityFirst.Security.psm1","436","Line has trailing whitespace"
"Information","PSAvoidTrailingWhitespace","IdentityFirst.Security.psm1","446","Line has trailing whitespace"
"Information","PSAvoidTrailingWhitespace","IdentityFirst.Security.psm1","452","Line has trailing whitespace"
"Information","PSAvoidTrailingWhitespace","IdentityFirst.Security.psm1","458","Line has trailing whitespace"
"Information","PSAvoidTrailingWhitespace","IdentityFirst.Security.psm1","463","Line has trailing whitespace"
"Information","PSAvoidTrailingWhitespace","IdentityFirst.Security.psm1","469","Line has trailing whitespace"
"Information","PSAvoidTrailingWhitespace","IdentityFirst.Security.psm1","487","Line has trailing whitespace"
"Information","PSAvoidTrailingWhitespace","IdentityFirst.Security.psm1","491","Line has trailing whitespace"
"Information","PSAvoidTrailingWhitespace","IdentityFirst.Security.psm1","503","Line has trailing whitespace"
"Information","PSAvoidTrailingWhitespace","IdentityFirst.Security.psm1","507","Line has trailing whitespace"
"Information","PSAvoidTrailingWhitespace","IdentityFirst.Security.psm1","516","Line has trailing whitespace"
"Information","PSAvoidTrailingWhitespace","IdentityFirst.Security.psm1","518","Line has trailing whitespace"
"Information","PSAvoidTrailingWhitespace","IdentityFirst.Security.psm1","523","Line has trailing whitespace"
"Information","PSAvoidTrailingWhitespace","IdentityFirst.Security.psm1","548","Line has trailing whitespace"
"Information","PSAvoidTrailingWhitespace","IdentityFirst.Security.psm1","552","Line has trailing whitespace"
"Information","PSAvoidTrailingWhitespace","IdentityFirst.Security.psm1","559","Line has trailing whitespace"
"Information","PSAvoidTrailingWhitespace","IdentityFirst.Security.psm1","562","Line has trailing whitespace"
"Information","PSAvoidTrailingWhitespace","IdentityFirst.Security.psm1","565","Line has trailing whitespace"
"Information","PSAvoidTrailingWhitespace","IdentityFirst.Security.psm1","595","Line has trailing whitespace"
"Information","PSAvoidTrailingWhitespace","IdentityFirst.Security.psm1","599","Line has trailing whitespace"
"Information","PSAvoidTrailingWhitespace","IdentityFirst.Security.psm1","626","Line has trailing whitespace"
"Information","PSAvoidTrailingWhitespace","IdentityFirst.Security.psm1","630","Line has trailing whitespace"
"Information","PSAvoidTrailingWhitespace","IdentityFirst.Security.psm1","632","Line has trailing whitespace"
"Information","PSAvoidTrailingWhitespace","IdentityFirst.Security.psm1","636","Line has trailing whitespace"
"Error","PSAvoidUsingConvertToSecureStringWithPlainText","IdentityFirst.Security.psm1","41","File 'IdentityFirst.Security.psm1' uses ConvertTo-SecureString with plaintext. This will expose secure information. Encrypted standard strings should be used instead."
"Error","PSAvoidUsingUsernameAndPasswordParams","IdentityFirst.Security.psm1","62","Function 'Get-CredentialFromInput' has both Username and Password parameters. Either set the type of the Password parameter to SecureString or replace the Username and Password parameters with a Credential parameter of type PSCredential. If using a Credential parameter in PowerShell 4.0 or earlier, please define a credential transformation attribute after the PSCredential type attribute."
"Warning","PSUseShouldProcessForStateChangingFunctions","IdentityFirst.Security.psm1","317","Function 'New-SecureLogFile' has verb that could change system state. Therefore, the function has to support 'ShouldProcess'."
"Warning","PSUseShouldProcessForStateChangingFunctions","IdentityFirst.Security.psm1","419","Function 'New-SecureHtmlReport' has verb that could change system state. Therefore, the function has to support 'ShouldProcess'."
"Warning","PSUseShouldProcessForStateChangingFunctions","IdentityFirst.Security.psm1","477","Function 'Set-OutputFileSecurity' has verb that could change system state. Therefore, the function has to support 'ShouldProcess'."
"Warning","PSUseShouldProcessForStateChangingFunctions","IdentityFirst.Security.psm1","538","Function 'New-SecureOutputFile' has verb that could change system state. Therefore, the function has to support 'ShouldProcess'."
"Warning","PSAvoidUsingPlainTextForPassword","IdentityFirst.Security.psm1","28","Parameter '$PlainPassword' should not use String type but either SecureString or PSCredential, otherwise it increases the chance to expose this sensitive information."
"Warning","PSAvoidUsingPlainTextForPassword","IdentityFirst.Security.psm1","66","Parameter '$PlainPassword' should not use String type but either SecureString or PSCredential, otherwise it increases the chance to expose this sensitive information."
"Information","PSAvoidTrailingWhitespace","ReportFormatter.psm1","10","Line has trailing whitespace"
"Information","PSAvoidTrailingWhitespace","ReportFormatter.psm1","13","Line has trailing whitespace"
"Information","PSAvoidTrailingWhitespace","ReportFormatter.psm1","16","Line has trailing whitespace"
"Information","PSAvoidTrailingWhitespace","ReportFormatter.psm1","19","Line has trailing whitespace"
"Information","PSAvoidTrailingWhitespace","ReportFormatter.psm1","22","Line has trailing whitespace"
"Information","PSAvoidTrailingWhitespace","ReportFormatter.psm1","35","Line has trailing whitespace"
"Information","PSAvoidTrailingWhitespace","ReportFormatter.psm1","70","Line has trailing whitespace"
"Information","PSAvoidTrailingWhitespace","ReportFormatter.psm1","80","Line has trailing whitespace"
"Information","PSAvoidTrailingWhitespace","ReportFormatter.psm1","95","Line has trailing whitespace"
"Information","PSAvoidTrailingWhitespace","ReportFormatter.psm1","97","Line has trailing whitespace"
"Information","PSAvoidTrailingWhitespace","ReportFormatter.psm1","141","Line has trailing whitespace"
"Information","PSAvoidTrailingWhitespace","ReportFormatter.psm1","147","Line has trailing whitespace"
"Information","PSProvideCommentHelp","ReportFormatter.psm1","6","The cmdlet 'Export-IdentityReport' does not have a help comment."
"Information","PSProvideCommentHelp","ReportFormatter.psm1","105","The cmdlet 'Write-IdentityHeader' does not have a help comment."
"Information","PSProvideCommentHelp","ReportFormatter.psm1","120","The cmdlet 'Write-IdentityResult' does not have a help comment."
"Information","PSProvideCommentHelp","ReportFormatter.psm1","137","The cmdlet 'Get-ReferToIHC' does not have a help comment."
"Warning","PSUseBOMForUnicodeEncodedFile","ReportFormatter.psm1",,"Missing BOM encoding for non-ASCII encoded file 'ReportFormatter.psm1'"
